City_ID,City,Lat,Lng,Max Temp,Humidity,Cloudiness,Wind Speed,Country,Date
0,Ibotirama,-12.19,-43.22,78.75,28,12,0.76,BR,2020-08-20 22:00:53
1,Cape Town,-33.93,18.42,55.99,100,4,1.12,ZA,2020-08-20 22:02:06
2,Khatanga,71.97,102.5,43.07,68,0,12.84,RU,2020-08-20 22:02:07
3,Sinnamary,5.38,-52.95,80.64,81,4,14.41,GF,2020-08-20 22:02:07
4,La Ronge,55.1,-105.28,77.0,41,20,5.82,CA,2020-08-20 22:02:07
5,Rovaniemi,66.5,25.72,60.8,93,20,9.17,FI,2020-08-20 21:57:16
6,Yerbogachen,61.28,108.01,52.97,95,14,6.91,RU,2020-08-20 22:02:08
7,Punta Arenas,-53.15,-70.92,44.6,75,40,23.04,CL,2020-08-20 22:00:25
8,Mariental,-24.63,17.97,48.42,35,0,11.52,NA,2020-08-20 22:02:08
9,Mareeba,-17.0,145.43,66.2,88,0,1.36,AU,2020-08-20 22:02:08
10,Anadyr,64.75,177.48,53.6,62,100,8.95,RU,2020-08-20 22:02:09
11,Busselton,-33.65,115.33,39.0,84,0,7.27,AU,2020-08-20 22:02:09
12,Hope,33.67,-93.59,88.0,45,45,1.01,US,2020-08-20 22:01:03
13,Atuona,-9.8,-139.03,78.1,77,63,17.31,PF,2020-08-20 22:02:09
14,Port Alfred,-33.59,26.89,59.79,77,100,12.86,ZA,2020-08-20 22:02:09
15,Sorkjosen,69.8,20.93,44.94,80,56,1.1,NO,2020-08-20 22:02:10
16,Thompson,55.74,-97.86,78.8,36,40,13.87,CA,2020-08-20 22:00:54
17,Avarua,-21.21,-159.78,77.0,83,11,23.04,CK,2020-08-20 22:02:10
18,Linxia,35.6,103.21,56.95,84,72,3.31,CN,2020-08-20 22:02:11
19,Pitimbu,-7.47,-34.81,77.0,83,40,13.87,BR,2020-08-20 22:02:12
20,Qaqortoq,60.72,-46.03,59.0,47,0,4.7,GL,2020-08-20 22:02:12
21,Ushuaia,-54.8,-68.3,42.8,75,75,1.32,AR,2020-08-20 21:58:20
22,Inongo,-1.95,18.27,73.45,87,95,3.87,CD,2020-08-20 22:02:13
23,Rikitea,-23.12,-134.97,66.97,82,100,24.76,PF,2020-08-20 22:02:13
24,Vaini,-21.2,-175.2,74.14,89,100,12.28,TO,2020-08-20 22:02:13
25,Cherskiy,68.75,161.3,41.99,66,6,10.04,RU,2020-08-20 22:02:13
26,Lebu,-37.62,-73.65,51.67,77,0,19.33,CL,2020-08-20 22:02:14
27,Mataura,-46.19,168.86,46.99,98,100,1.01,NZ,2020-08-20 22:02:15
28,La Reforma,25.08,-108.05,90.0,68,100,11.01,MX,2020-08-20 22:02:15
29,Farafangana,-22.82,47.83,68.11,89,2,3.83,MG,2020-08-20 22:02:16
30,Arraial Do Cabo,-22.97,-42.03,71.6,83,75,11.41,BR,2020-08-20 22:02:16
31,Pevek,69.7,170.31,37.31,87,100,10.16,RU,2020-08-20 22:02:16
32,Noyabrsk,63.2,75.45,53.83,92,95,5.64,RU,2020-08-20 22:02:16
33,Dikson,73.51,80.55,44.15,80,0,15.19,RU,2020-08-20 22:02:17
34,Gigmoto,13.78,124.39,79.34,83,97,6.8,PH,2020-08-20 22:02:17
35,New Norfolk,-42.78,147.06,39.99,90,81,3.83,AU,2020-08-20 22:02:17
36,Ahipara,-35.17,173.17,59.25,80,10,14.94,NZ,2020-08-20 22:02:08
37,Sisimiut,66.94,-53.67,52.79,68,60,8.95,GL,2020-08-20 22:02:17
38,Dunedin,-45.87,170.5,48.99,92,100,1.01,NZ,2020-08-20 22:02:18
39,Bud,39.45,-86.18,78.01,53,1,6.69,US,2020-08-20 22:02:18
40,Butaritari,3.07,172.79,82.74,72,100,11.07,KI,2020-08-20 22:02:18
41,Novobirilyussy,56.95,90.67,49.75,85,38,3.49,RU,2020-08-20 22:02:18
42,Saskylakh,71.92,114.08,42.39,65,61,7.63,RU,2020-08-20 22:02:18
43,Bluff,-46.6,168.33,46.99,98,100,1.01,NZ,2020-08-20 22:01:04
44,Te Anau,-45.42,167.72,48.76,80,96,0.74,NZ,2020-08-20 22:02:19
45,Kapaa,22.08,-159.32,84.2,66,40,14.99,US,2020-08-20 22:02:19
46,Carnarvon,-24.87,113.63,66.2,77,98,11.41,AU,2020-08-20 22:00:10
47,Clyde River,70.47,-68.59,46.4,93,75,10.29,CA,2020-08-20 22:02:20
48,Novyy Urengoy,66.08,76.63,57.4,86,100,7.63,RU,2020-08-20 22:02:20
49,Castro,-24.79,-50.01,51.91,97,100,3.22,BR,2020-08-20 22:02:20
50,Pacific Grove,36.62,-121.92,71.6,53,90,9.17,US,2020-08-20 22:02:20
51,Villarrobledo,39.27,-2.6,78.01,26,1,1.01,ES,2020-08-20 22:02:20
52,Hermanus,-34.42,19.23,51.01,94,0,7.4,ZA,2020-08-20 22:02:21
53,Irkutsk,52.3,104.3,50.0,100,75,4.47,RU,2020-08-20 22:02:21
54,Hilo,19.73,-155.09,80.6,78,90,6.93,US,2020-08-20 22:02:21
55,Bredasdorp,-34.53,20.04,53.6,93,28,2.24,ZA,2020-08-20 22:02:22
56,Hasaki,35.73,140.83,79.0,88,20,2.24,JP,2020-08-20 22:02:22
57,Longyearbyen,78.22,15.64,41.0,86,75,6.93,SJ,2020-08-20 22:01:52
58,Yellowknife,62.46,-114.35,57.2,50,20,5.82,CA,2020-08-20 22:02:22
59,Hoi An,15.88,108.33,77.0,94,20,2.24,VN,2020-08-20 22:02:23
60,Nikolskoye,59.7,30.79,59.0,76,0,2.24,RU,2020-08-20 22:02:23
61,Bodden Town,19.28,-81.25,84.0,88,40,19.42,KY,2020-08-20 22:02:23
62,Santiago Del Estero,-27.8,-64.26,50.14,42,0,4.21,AR,2020-08-20 21:59:04
63,Verkhoyansk,67.54,133.38,42.96,63,0,3.33,RU,2020-08-20 22:02:23
64,Kahului,20.89,-156.47,87.8,52,40,21.92,US,2020-08-20 22:02:24
65,Ginir,7.13,40.7,60.06,87,52,8.19,ET,2020-08-20 22:02:24
66,Mogadishu,2.04,45.34,76.24,82,30,15.59,SO,2020-08-20 22:00:17
67,Victoria,22.29,114.16,82.0,83,87,5.01,HK,2020-08-20 22:01:21
68,Hobart,-42.88,147.33,41.0,81,75,5.82,AU,2020-08-20 22:00:13
69,Cabedelo,-6.98,-34.83,77.0,83,15,13.87,BR,2020-08-20 22:02:25
70,Nome,64.5,-165.41,64.0,76,1,10.29,US,2020-08-20 22:00:19
71,Sikasso,10.92,-7.0,75.04,91,97,3.42,ML,2020-08-20 22:02:25
72,Barrow,71.29,-156.79,44.6,93,90,3.36,US,2020-08-20 22:02:26
73,Hella,67.2,14.43,51.8,71,75,5.82,NO,2020-08-20 22:02:26
74,Uthal,25.81,66.62,83.32,79,90,4.16,PK,2020-08-20 22:02:26
75,Lorengau,-2.02,147.27,84.04,71,22,8.75,PG,2020-08-20 22:02:26
76,Saint-Joseph,-21.37,55.62,68.0,56,14,6.93,RE,2020-08-20 22:02:27
77,Bulawayo,-20.15,28.58,53.55,87,80,10.65,ZW,2020-08-20 22:02:27
78,Tasiilaq,65.61,-37.64,50.0,53,0,8.05,GL,2020-08-20 22:02:27
79,Lavrentiya,65.58,-171.0,52.97,68,59,5.97,RU,2020-08-20 22:02:27
80,Kulhudhuffushi,6.62,73.07,82.36,75,100,9.86,MV,2020-08-20 22:02:27
81,Vila Franca Do Campo,37.72,-25.43,69.8,94,75,12.75,PT,2020-08-20 22:02:28
82,Garowe,8.41,48.48,79.29,61,23,23.51,SO,2020-08-20 22:02:28
83,Ayan,56.45,138.17,56.21,66,14,14.79,RU,2020-08-20 22:02:28
84,Aksarka,66.56,67.8,53.85,92,84,8.28,RU,2020-08-20 22:02:28
85,Pathein,16.78,94.73,75.81,93,100,2.91,MM,2020-08-20 22:00:20
86,San Quintin,30.48,-115.95,80.37,63,18,8.23,MX,2020-08-20 22:02:29
87,Kodiak,57.79,-152.41,73.4,43,40,12.75,US,2020-08-20 21:59:09
88,Atoyac,20.02,-103.53,77.0,50,75,2.62,MX,2020-08-20 22:02:29
89,Albany,42.6,-73.97,77.0,40,10,1.97,US,2020-08-20 21:58:09
90,Mumford,5.26,-0.76,74.75,89,62,12.33,GH,2020-08-20 22:02:29
91,Vila Velha,-20.33,-40.29,78.01,83,75,9.17,BR,2020-08-20 22:01:39
92,Rodbyhavn,54.65,11.35,69.01,81,66,2.59,DK,2020-08-20 22:02:30
93,Estelle,29.85,-90.11,82.4,69,20,4.7,US,2020-08-20 22:02:30
94,Chokurdakh,70.63,147.92,37.49,87,98,3.47,RU,2020-08-20 22:02:30
95,Saldanha,-33.01,17.94,51.8,87,29,5.82,ZA,2020-08-20 22:02:30
96,Moose Factory,51.26,-80.61,59.0,67,1,8.05,CA,2020-08-20 22:02:31
97,Jamestown,42.1,-79.24,77.0,46,1,6.93,US,2020-08-20 22:02:22
98,Muros,42.78,-9.06,66.99,82,47,15.99,ES,2020-08-20 22:02:32
99,Finschhafen,-6.6,147.87,79.75,77,83,5.68,PG,2020-08-20 22:02:32
100,Padang,-0.95,100.35,78.35,76,55,4.45,ID,2020-08-20 22:02:32
101,Luan,46.36,6.98,75.2,53,0,1.12,CH,2020-08-20 22:02:33
102,East London,-33.02,27.91,61.2,71,100,13.8,ZA,2020-08-20 22:02:33
103,Ambon,-3.7,128.18,77.79,82,21,6.6,ID,2020-08-20 22:02:33
104,Kuching,1.55,110.33,77.0,94,20,2.24,MY,2020-08-20 22:02:33
105,Esperance,-33.87,121.9,46.4,100,75,5.82,AU,2020-08-20 22:00:13
106,Kasane,-17.82,25.15,63.86,41,49,5.61,BW,2020-08-20 22:02:34
107,Pisco,-13.7,-76.22,66.2,68,63,12.75,PE,2020-08-20 22:01:19
108,Sechura,-5.56,-80.82,69.35,60,100,18.61,PE,2020-08-20 22:02:34
109,Shumskiy,54.83,99.13,56.07,66,100,1.81,RU,2020-08-20 22:02:35
110,Tura,25.52,90.22,73.22,97,100,4.05,IN,2020-08-20 22:00:13
111,Andreapol,56.65,32.27,52.63,93,6,4.29,RU,2020-08-20 22:02:35
112,Vanimo,-2.67,141.3,79.48,79,2,5.77,PG,2020-08-20 22:02:36
113,Kyra,49.58,111.98,54.64,86,22,2.44,RU,2020-08-20 22:02:36
114,Qaanaaq,77.48,-69.36,45.25,81,100,4.43,GL,2020-08-20 22:02:36
115,Athabasca,54.72,-113.29,73.02,52,95,8.41,CA,2020-08-20 22:02:36
116,Provideniya,64.38,-173.3,55.4,71,77,11.18,RU,2020-08-20 22:02:36
117,Kalmunai,7.42,81.82,78.35,82,100,5.21,LK,2020-08-20 22:01:29
118,Yerkoy,39.64,34.47,65.26,61,40,2.57,TR,2020-08-20 22:02:37
119,Kaitangata,-46.28,169.85,51.01,90,100,3.0,NZ,2020-08-20 22:02:37
120,Urumqi,43.8,87.6,69.8,43,95,4.47,CN,2020-08-20 22:02:38
121,Ancud,-41.87,-73.82,50.0,76,9,4.7,CL,2020-08-20 22:02:38
122,Camacha,33.08,-16.33,73.4,94,40,4.7,PT,2020-08-20 22:02:32
123,Birin,26.89,88.07,63.01,100,100,4.68,NP,2020-08-20 22:02:38
124,Puerto Ayora,-0.74,-90.35,77.0,53,72,18.34,EC,2020-08-20 22:02:39
125,Ishinomaki,38.42,141.3,77.0,83,40,2.24,JP,2020-08-20 22:02:39
126,Mount Gambier,-37.83,140.77,41.0,86,75,9.17,AU,2020-08-20 22:02:39
127,Mar Del Plata,-38.0,-57.56,53.6,30,0,11.41,AR,2020-08-20 21:59:44
128,Luderitz,-26.65,15.16,59.95,34,0,15.52,NA,2020-08-20 22:02:39
129,Aksu,41.12,80.26,71.26,46,86,3.69,CN,2020-08-20 22:02:40
130,Santo Tomas,14.11,121.14,78.8,94,91,3.36,PH,2020-08-20 22:02:40
131,De-Kastri,51.47,140.78,61.97,62,14,10.18,RU,2020-08-20 22:02:40
132,Le Port,-20.94,55.29,68.0,64,90,9.17,RE,2020-08-20 22:02:40
133,Sao Gotardo,-19.31,-46.05,80.01,50,76,3.06,BR,2020-08-20 22:02:41
134,Gwanda,-20.93,29.0,53.31,90,43,7.92,ZW,2020-08-20 22:02:41
135,Richards Bay,-28.78,32.04,59.27,85,0,0.76,ZA,2020-08-20 22:02:41
136,Harrison,30.41,-89.04,84.2,62,1,13.87,US,2020-08-20 22:02:01
137,Poum,-20.23,164.02,71.44,65,0,1.19,NC,2020-08-20 22:02:42
138,Saint-Louis,16.33,-15.0,96.8,50,40,4.7,SN,2020-08-20 22:02:42
139,Yelizovo,53.19,158.38,51.8,100,75,2.24,RU,2020-08-20 22:02:29
140,Baiyin,36.56,104.21,68.0,72,90,6.71,CN,2020-08-20 22:02:42
141,Ornskoldsvik,63.29,18.72,62.6,88,0,5.82,SE,2020-08-20 22:02:42
142,Tuktoyaktuk,69.45,-133.04,53.6,76,75,11.41,CA,2020-08-20 22:02:31
143,Lasa,46.62,10.7,62.6,88,5,2.24,IT,2020-08-20 22:02:43
144,Sao Joao Da Barra,-21.64,-41.05,73.4,78,90,11.41,BR,2020-08-20 22:01:27
145,Tateyama,34.98,139.87,84.0,91,0,3.0,JP,2020-08-20 22:02:43
146,Mayo,38.89,-76.51,84.0,57,1,5.82,US,2020-08-20 22:02:43
147,Husavik,66.04,-17.34,53.6,62,40,16.11,IS,2020-08-20 22:02:44
148,Fort Dodge,42.5,-94.17,84.99,48,20,13.87,US,2020-08-20 22:01:57
149,Coquimbo,-29.95,-71.34,55.4,76,0,9.17,CL,2020-08-20 22:01:25
150,Saint-Philippe,-21.36,55.77,68.0,56,23,6.93,RE,2020-08-20 22:02:44
151,Norman Wells,65.28,-126.83,64.4,48,40,18.34,CA,2020-08-20 22:02:44
152,Aleksandrov Gay,50.15,48.57,60.3,43,0,7.2,RU,2020-08-20 22:02:45
153,Catamarca,-28.47,-65.79,57.99,36,7,1.99,AR,2020-08-20 22:02:45
154,Port-Cartier,50.03,-66.87,69.8,35,75,16.11,CA,2020-08-20 22:02:45
155,Grand Gaube,-20.01,57.66,71.01,56,0,4.0,MU,2020-08-20 22:02:45
156,Bully-Les-Mines,50.44,2.73,75.2,73,100,3.36,FR,2020-08-20 22:02:46
157,Eminabad,32.04,74.26,78.8,88,40,5.48,PK,2020-08-20 22:00:34
158,Grand-Santi,4.25,-54.38,83.07,65,55,1.77,GF,2020-08-20 22:02:46
159,Elbistan,38.21,37.2,61.74,82,0,1.74,TR,2020-08-20 22:02:47
160,Kang,-23.68,22.79,48.42,36,0,6.73,BW,2020-08-20 22:02:47
161,Vanavara,60.34,102.28,50.76,93,0,4.41,RU,2020-08-20 22:02:47
162,Bambous Virieux,-20.34,57.76,71.01,73,75,4.7,MU,2020-08-20 22:02:47
163,Asau,46.43,26.4,59.0,98,2,4.85,RO,2020-08-20 22:02:48
164,Severo-Kurilsk,50.68,156.12,53.15,76,63,19.28,RU,2020-08-20 22:02:48
165,Kitgum,3.28,32.89,66.33,95,57,1.41,UG,2020-08-20 22:02:48
166,Vostok,46.49,135.88,52.92,79,62,2.89,RU,2020-08-20 22:02:48
167,Seydi,39.48,62.91,73.71,28,0,10.27,TM,2020-08-20 22:02:48
168,Dingzhou,38.51,115.0,66.2,93,0,2.24,CN,2020-08-20 22:02:49
169,Sao Filipe,14.9,-24.5,76.95,79,26,9.26,CV,2020-08-20 22:02:49
170,Mizan Teferi,6.98,35.58,61.7,91,50,2.66,ET,2020-08-20 22:02:49
171,Talara,-4.58,-81.27,63.52,80,100,19.15,PE,2020-08-20 22:02:49
172,Cidreira,-30.18,-50.21,47.71,61,10,12.82,BR,2020-08-20 22:02:50
173,Vryburg,-26.96,24.73,39.99,56,0,5.48,ZA,2020-08-20 22:02:50
174,Batagay-Alyta,67.8,130.41,37.71,76,69,2.62,RU,2020-08-20 22:02:50
175,Havre-Saint-Pierre,50.23,-63.6,63.12,59,66,13.13,CA,2020-08-20 22:02:50
176,Porbandar,21.64,69.61,80.73,89,100,7.23,IN,2020-08-20 22:02:50
177,Charters Towers,-20.1,146.27,61.36,31,28,9.89,AU,2020-08-20 22:02:51
178,Ponta Do Sol,32.67,-17.1,75.2,78,20,2.24,PT,2020-08-20 22:02:51
179,Chuy,-33.7,-53.46,42.62,67,53,8.03,UY,2020-08-20 22:02:51
180,Inuvik,68.35,-133.72,64.4,52,90,2.57,CA,2020-08-20 22:02:51
181,Aswan,24.09,32.91,88.93,21,0,9.44,EG,2020-08-20 22:02:52
182,Upernavik,72.79,-56.15,46.87,65,74,5.26,GL,2020-08-20 22:02:52
183,Tuy Hoa,13.08,109.3,77.45,81,97,5.93,VN,2020-08-20 22:02:52
184,Mikhaylovka,50.06,43.24,64.0,50,100,3.0,RU,2020-08-20 22:02:52
185,Magadan,59.57,150.8,52.16,76,100,9.95,RU,2020-08-20 22:02:52
186,Mangla,31.89,72.38,79.56,83,43,8.68,PK,2020-08-20 22:02:53
187,Thayetmyo,19.32,95.18,73.56,91,100,4.32,MM,2020-08-20 22:02:53
188,Shenjiamen,29.96,122.3,80.31,87,0,10.07,CN,2020-08-20 22:02:53
189,San Patricio,19.22,-104.7,87.8,66,75,13.87,MX,2020-08-20 22:02:54
190,Tiksi,71.69,128.87,39.87,88,100,9.13,RU,2020-08-20 22:02:54
191,Sirari,-1.23,34.43,66.24,70,85,7.92,TZ,2020-08-20 22:02:54
192,Olafsvik,64.89,-23.71,50.09,73,0,18.9,IS,2020-08-20 22:02:54
193,Ribeira Grande,38.52,-28.7,71.6,83,40,14.99,PT,2020-08-20 22:02:54
194,Okoneshnikovo,54.84,75.08,49.01,88,72,7.58,RU,2020-08-20 22:02:55
195,Kangaba,11.93,-8.42,74.59,94,91,4.43,ML,2020-08-20 22:02:55
196,Abay,49.63,72.85,46.4,65,0,8.95,KZ,2020-08-20 22:02:55
197,Batagay,67.63,134.63,40.23,70,0,2.8,RU,2020-08-20 22:02:55
198,Wenzhou,28.0,120.67,84.0,77,82,2.19,CN,2020-08-20 22:02:56
199,Whitecourt,54.15,-115.69,66.2,68,90,8.05,CA,2020-08-20 22:02:39
200,Mahebourg,-20.41,57.7,69.8,73,75,4.7,MU,2020-08-20 22:02:56
201,Cayenne,4.93,-52.33,82.4,74,33,9.17,GF,2020-08-20 22:00:06
202,Linjiang,41.81,126.91,63.82,87,100,0.6,CN,2020-08-20 22:02:57
203,Beringovskiy,63.05,179.32,55.4,68,86,11.81,RU,2020-08-20 22:02:57
204,Samarai,-10.62,150.67,76.32,79,22,10.31,PG,2020-08-20 22:02:57
205,Bakchar,57.02,82.07,48.76,76,83,6.87,RU,2020-08-20 22:02:58
206,Vung Tau,10.35,107.08,80.4,85,80,7.25,VN,2020-08-20 22:02:58
207,Sterling,39.01,-77.43,82.99,51,75,2.71,US,2020-08-20 22:02:58
208,Gazanjyk,39.24,55.52,82.96,19,0,11.81,TM,2020-08-20 22:02:59
209,Kedougou,12.56,-12.17,75.2,94,90,4.29,SN,2020-08-20 22:03:00
210,Ilulissat,69.22,-51.1,48.2,57,5,2.24,GL,2020-08-20 21:59:57
211,Eureka,40.8,-124.16,79.0,49,1,1.99,US,2020-08-20 21:59:08
212,Kisanga,-7.44,37.7,72.52,76,100,4.14,TZ,2020-08-20 22:03:01
213,The Valley,18.22,-63.06,86.0,79,20,13.87,AI,2020-08-20 22:03:02
214,Hare Bay,48.85,-54.01,69.8,49,40,13.87,CA,2020-08-20 22:03:02
215,Salalah,17.02,54.09,77.0,100,90,3.36,OM,2020-08-20 22:03:02
216,Alta Floresta,-9.88,-56.09,89.69,22,28,2.77,BR,2020-08-20 22:03:03
217,Saint-Francois,46.42,3.91,81.0,47,14,11.41,FR,2020-08-20 22:02:36
218,Champerico,14.3,-91.92,86.0,70,75,9.17,GT,2020-08-20 22:03:03
219,Haines Junction,60.75,-137.51,53.74,76,100,0.76,CA,2020-08-20 22:03:03
220,Cervo,43.67,-7.41,66.99,81,54,8.01,ES,2020-08-20 22:03:04
221,Faanui,-16.48,-151.75,77.4,80,19,24.72,PF,2020-08-20 22:03:04
222,Abha,18.22,42.51,71.6,77,51,2.57,SA,2020-08-20 22:03:04
223,Codrington,-38.27,141.97,43.0,86,52,15.19,AU,2020-08-20 22:03:05
224,Kruisfontein,-34.0,24.73,54.0,89,100,1.99,ZA,2020-08-20 22:03:06
225,Le Pont-De-Claix,45.12,5.71,75.2,57,0,9.17,FR,2020-08-20 22:03:06
226,Lagos,6.58,3.75,77.0,88,40,4.7,NG,2020-08-20 22:01:59
227,Matamoros,25.53,-103.25,93.2,21,75,12.75,MX,2020-08-20 22:03:07
228,Kaset Sombun,16.28,101.95,74.59,88,100,3.58,TH,2020-08-20 22:03:07
229,Tawau,4.25,117.89,75.2,100,20,2.24,MY,2020-08-20 22:03:07
230,Padilla,3.22,-76.31,87.8,48,40,5.82,CO,2020-08-20 22:03:07
231,Guhagar,17.48,73.19,79.02,89,100,7.85,IN,2020-08-20 22:03:07
232,West Bay,19.37,-81.42,84.0,88,40,18.88,KY,2020-08-20 22:03:08
233,Yulara,-25.24,130.99,44.6,52,0,4.7,AU,2020-08-20 22:03:08
234,North Fort Myers,26.67,-81.88,91.99,59,1,11.41,US,2020-08-20 22:03:08
235,Narsaq,60.92,-46.05,59.0,47,0,4.7,GL,2020-08-20 22:03:08
236,Lindi,-10.0,39.72,67.96,91,64,4.54,TZ,2020-08-20 22:03:08
237,Tuatapere,-46.13,167.68,46.99,98,100,1.01,NZ,2020-08-20 22:02:53
238,Leh,34.17,77.58,58.01,50,85,4.88,IN,2020-08-20 22:03:09
239,Puksoozero,62.59,40.61,51.53,89,52,2.84,RU,2020-08-20 22:03:09
240,Alofi,-19.06,-169.92,80.6,83,75,6.93,NU,2020-08-20 22:03:09
241,Menongue,-14.66,17.69,54.48,32,65,5.3,AO,2020-08-20 22:03:09
242,Caravelas,-17.71,-39.25,72.43,83,0,5.19,BR,2020-08-20 22:03:10
243,Leningradskiy,69.38,178.42,46.47,82,94,6.8,RU,2020-08-20 22:03:10
244,Kavaratti,10.57,72.64,82.35,81,100,15.32,IN,2020-08-20 22:03:10
245,Tiznit,29.58,-9.5,73.9,58,0,1.21,MA,2020-08-20 22:03:10
246,Otane,-39.88,176.63,55.0,75,47,10.0,NZ,2020-08-20 22:03:11
247,Komsomolskiy,40.43,71.72,73.4,46,76,6.93,UZ,2020-08-20 22:03:12
248,Isangel,-19.55,169.27,77.0,73,48,1.12,VU,2020-08-20 22:03:12
249,Port Blair,11.67,92.75,81.68,80,100,9.91,IN,2020-08-20 22:03:12
250,Portland,45.52,-122.68,82.99,39,75,5.82,US,2020-08-20 21:59:32
251,Culebra,18.3,-65.3,87.8,83,75,8.05,PR,2020-08-20 22:03:13
252,Dingle,11.0,122.67,75.29,90,97,2.8,PH,2020-08-20 22:03:13
253,Zyryanka,65.75,150.85,44.08,60,65,15.7,RU,2020-08-20 22:03:13
254,Petropavlovsk-Kamchatskiy,53.05,158.65,51.8,100,75,2.24,RU,2020-08-20 22:03:13
255,Pozo Colorado,-23.49,-58.8,53.76,42,66,6.85,PY,2020-08-20 22:03:14
256,Krasnoselkup,65.7,82.47,56.53,91,100,7.25,RU,2020-08-20 22:03:14
257,Esil,51.96,66.4,53.85,82,100,13.06,KZ,2020-08-20 22:03:14
258,Namibe,-15.2,12.15,61.86,83,37,5.55,AO,2020-08-20 22:03:14
259,Grand Island,40.92,-98.34,89.6,40,1,14.99,US,2020-08-20 21:59:28
260,Nouadhibou,20.93,-17.03,71.6,83,0,9.17,MR,2020-08-20 22:03:15
261,Kapit,2.02,112.93,71.96,93,100,1.32,MY,2020-08-20 22:03:15
262,Bunia,1.57,30.25,64.13,89,100,2.15,CD,2020-08-20 22:03:15
263,Ishigaki,24.34,124.16,78.8,100,75,4.7,JP,2020-08-20 22:00:05
264,Mpika,-11.83,31.45,61.72,67,6,12.15,ZM,2020-08-20 22:03:15
265,Georgetown,5.41,100.34,82.0,88,20,2.24,MY,2020-08-20 22:03:16
266,Sao Jose Da Coroa Grande,-8.9,-35.15,75.54,88,91,9.91,BR,2020-08-20 22:03:16
267,Fort Nelson,58.81,-122.7,60.8,72,90,5.82,CA,2020-08-20 22:00:23
268,Nemuro,43.32,145.57,60.51,89,69,6.71,JP,2020-08-20 22:03:17
269,Bardiyah,31.76,25.09,76.23,88,0,10.63,LY,2020-08-20 22:03:17
270,Belogorsk,50.92,128.46,55.04,86,1,6.96,RU,2020-08-20 22:03:17
271,San Isidro,-12.12,-77.05,62.6,77,90,6.93,PE,2020-08-20 22:03:18
272,Viedma,-40.81,-63.0,55.38,45,0,9.89,AR,2020-08-20 22:03:18
273,Saint-Georges,12.06,-61.75,87.8,74,40,11.41,GD,2020-08-20 22:00:36
274,Samandag,36.08,35.98,78.8,74,22,11.41,TR,2020-08-20 22:03:18
275,Salta,-24.79,-65.41,51.8,29,0,6.93,AR,2020-08-20 21:59:39
276,Chara,56.91,118.26,57.2,63,96,0.69,RU,2020-08-20 22:03:19
277,Iracoubo,5.48,-53.2,80.53,82,14,14.94,GF,2020-08-20 22:03:19
278,Geraldton,-28.77,114.6,55.4,71,100,10.29,AU,2020-08-20 22:01:48
279,Namatanai,-3.67,152.43,81.66,75,1,7.02,PG,2020-08-20 22:03:20
280,Pangnirtung,66.15,-65.71,48.2,87,75,4.7,CA,2020-08-20 22:03:20
281,Saint-Pierre,-21.34,55.48,68.0,56,6,6.93,RE,2020-08-20 22:03:20
282,Wasilla,61.58,-149.44,64.99,72,1,3.74,US,2020-08-20 22:02:04
283,Naze,28.37,129.48,78.8,94,20,3.36,JP,2020-08-20 22:03:21
284,Montepuez,-13.13,39.0,66.92,80,78,5.59,MZ,2020-08-20 22:03:21
285,Pachino,36.72,15.09,77.0,77,0,4.79,IT,2020-08-20 22:03:21
286,Bethel,41.37,-73.41,82.0,36,1,3.6,US,2020-08-20 22:03:21
287,Ugoofaaru,5.67,73.0,82.9,71,100,7.96,MV,2020-08-20 22:03:22
288,Bugcaon,8.05,125.11,70.38,85,39,1.66,PH,2020-08-20 22:03:22
289,Sitangkai,4.66,119.39,84.09,69,100,5.06,PH,2020-08-20 22:03:22
290,Namtsy,62.72,129.67,39.2,86,0,6.71,RU,2020-08-20 22:03:22
291,Tarko-Sale,64.92,77.78,55.0,94,100,10.29,RU,2020-08-20 22:03:23
292,Amparafaravola,-17.58,48.22,55.0,93,10,1.61,MG,2020-08-20 22:03:23
293,Port Augusta,-32.5,137.77,48.99,93,75,11.41,AU,2020-08-20 22:03:23
294,Souillac,-20.52,57.52,69.8,73,75,4.7,MU,2020-08-20 22:03:23
295,Solnechnyy,50.72,136.63,61.38,55,49,5.99,RU,2020-08-20 22:03:23
296,Wellsford,-36.28,174.52,61.0,83,11,7.0,NZ,2020-08-20 22:03:24
297,Korla,41.76,86.15,69.53,61,56,18.48,CN,2020-08-20 22:03:22
298,Sampit,-2.53,112.95,72.73,98,34,2.39,ID,2020-08-20 22:03:24
299,Dargaville,-35.93,173.88,59.83,73,1,16.69,NZ,2020-08-20 22:03:24
300,Vardo,70.37,31.11,48.2,87,75,6.93,NO,2020-08-20 22:03:24
301,Sioux Lookout,50.1,-91.92,73.4,60,20,3.36,CA,2020-08-20 22:03:18
302,Kota Kinabalu,5.97,116.07,75.2,83,20,5.82,MY,2020-08-20 22:03:25
303,Sabang,5.89,95.32,82.6,72,94,8.14,ID,2020-08-20 22:03:25
304,Haldia,22.06,88.11,81.88,83,100,16.04,IN,2020-08-20 22:03:25
305,Udachnyy,66.42,112.4,46.4,65,91,2.24,RU,2020-08-20 22:03:25
306,Rawson,-43.3,-65.1,55.44,44,0,4.88,AR,2020-08-20 22:03:26
307,Khani,41.96,42.96,75.2,88,66,2.24,GE,2020-08-20 22:03:26
308,Afonso Claudio,-20.07,-41.12,71.08,76,90,4.27,BR,2020-08-20 22:03:26
309,San Juan,-31.54,-68.54,53.24,36,0,4.94,AR,2020-08-20 22:03:26
310,Lahaina,20.88,-156.68,87.8,69,75,12.75,US,2020-08-20 22:00:14
311,Port-Gentil,-0.72,8.78,77.0,78,75,12.19,GA,2020-08-20 22:03:27
312,Bengkulu,-3.8,102.27,75.9,82,77,5.1,ID,2020-08-20 22:03:27
313,Tabou,4.42,-7.35,75.6,83,68,10.74,CI,2020-08-20 22:03:27
314,Ketchikan,55.34,-131.65,64.4,77,90,32.21,US,2020-08-20 22:03:27
315,Luanda,-8.84,13.23,71.6,88,20,6.93,AO,2020-08-20 22:03:08
316,Krasnoarmeysk,51.02,45.7,60.01,38,56,4.0,RU,2020-08-20 22:03:28
317,San Cristobal,7.77,-72.22,93.2,38,40,8.05,VE,2020-08-20 21:58:50
318,Talnakh,69.49,88.4,53.6,66,26,11.18,RU,2020-08-20 22:03:28
319,Iqaluit,63.75,-68.51,50.0,87,75,3.36,CA,2020-08-20 22:00:11
320,Souris,49.62,-100.26,84.99,54,75,2.24,CA,2020-08-20 22:03:29
321,Port Lincoln,-34.73,135.87,50.16,69,77,20.51,AU,2020-08-20 22:03:29
322,Yar-Sale,66.83,70.83,54.16,95,100,8.5,RU,2020-08-20 22:03:29
323,Freetown,8.48,-13.23,76.15,86,100,13.96,SL,2020-08-20 21:59:09
324,Klaksvik,62.23,-6.59,51.8,100,50,2.24,FO,2020-08-20 22:02:44
325,Constitucion,-35.33,-72.42,53.1,64,0,4.9,CL,2020-08-20 22:03:30
326,Fairbanks,64.84,-147.72,60.8,87,90,3.2,US,2020-08-20 22:00:03
327,Port Elizabeth,-33.92,25.57,55.4,93,100,8.05,ZA,2020-08-20 22:03:31
328,Smithers,54.78,-127.17,68.0,64,75,5.82,CA,2020-08-20 22:03:29
329,Harper,4.38,-7.72,75.43,84,82,10.92,LR,2020-08-20 22:03:31
330,Kodinsk,58.69,99.18,53.38,86,9,2.39,RU,2020-08-20 22:03:31
331,Bantry,51.68,-9.45,59.0,93,75,24.16,IE,2020-08-20 22:03:32
332,Qasigiannguit,68.82,-51.19,48.2,57,30,2.24,GL,2020-08-20 22:03:32
333,Alyangula,-13.85,136.42,60.8,100,0,5.26,AU,2020-08-20 22:03:32
334,Biak,-0.91,122.88,75.11,75,80,5.39,ID,2020-08-20 22:03:32
335,Marivan,35.52,46.18,63.34,44,0,2.44,IR,2020-08-20 22:03:33
336,Saint George,37.1,-113.58,108.0,11,1,17.22,US,2020-08-20 22:03:33
337,Lompoc,34.64,-120.46,69.8,60,90,16.11,US,2020-08-20 22:03:33
338,Yantal,56.85,105.25,53.01,78,0,4.25,RU,2020-08-20 22:03:33
339,Energetik,51.74,58.79,52.0,82,48,12.01,RU,2020-08-20 22:03:33
340,Svetlogorsk,52.63,29.73,63.75,88,100,7.92,BY,2020-08-20 22:03:34
341,Nemesnadudvar,46.34,19.05,67.62,61,24,2.82,HU,2020-08-20 22:03:34
342,Dong Hoi,17.48,106.6,78.37,84,100,6.31,VN,2020-08-20 22:03:34
343,Bilma,18.69,12.92,94.8,17,0,9.19,NE,2020-08-20 22:03:34
344,Hithadhoo,-0.6,73.08,82.47,75,65,7.07,MV,2020-08-20 22:03:34
345,Dawson Creek,55.77,-120.24,60.8,72,20,8.05,CA,2020-08-20 22:03:35
346,Neiafu,-18.65,-173.98,80.6,78,40,8.05,TO,2020-08-20 22:03:36
347,Kununurra,-15.77,128.73,64.4,33,28,1.12,AU,2020-08-20 22:03:36
348,Bekhtery,46.25,32.29,71.1,70,90,8.66,UA,2020-08-20 22:03:36
349,Bronnoysund,65.46,12.2,53.6,87,53,6.93,NO,2020-08-20 22:03:36
350,Kamenka,51.32,42.77,61.0,61,95,4.0,RU,2020-08-20 22:03:37
351,Tarakan,3.3,117.63,78.8,86,35,6.64,ID,2020-08-20 22:03:37
352,Santa Isabel Do Rio Negro,-0.41,-65.02,87.58,59,23,3.04,BR,2020-08-20 22:03:37
353,Garwa,24.18,83.82,76.46,91,90,10.89,IN,2020-08-20 22:03:37
354,Stettler,52.32,-112.72,72.0,74,99,3.0,CA,2020-08-20 22:03:37
355,Adrar,20.5,-10.07,96.64,27,82,6.15,MR,2020-08-20 22:03:38
356,Sao Miguel Do Araguaia,-13.28,-50.16,85.21,22,0,2.28,BR,2020-08-20 21:59:38
357,Half Moon Bay,37.46,-122.43,88.0,72,1,16.11,US,2020-08-20 21:58:49
358,San Vicente,-26.62,-54.13,42.57,77,52,5.35,AR,2020-08-20 22:03:38
359,Snyder,32.72,-100.92,91.4,26,1,16.11,US,2020-08-20 22:03:39
360,Kloulklubed,7.04,134.26,84.09,72,9,8.55,PW,2020-08-20 22:03:39
361,Linkoping,58.41,15.62,62.6,93,97,3.36,SE,2020-08-20 22:03:39
362,Kedrovyy,56.17,91.82,48.2,93,81,3.13,RU,2020-08-20 22:03:39
363,Tommot,58.96,126.29,48.2,82,0,0.98,RU,2020-08-20 22:03:40
364,Mayahi,13.96,7.67,87.66,51,100,17.65,NE,2020-08-20 22:03:40
365,Laguna,38.42,-121.42,93.99,19,75,9.17,US,2020-08-20 22:03:20
366,Kolokani,13.57,-8.03,76.51,84,74,6.67,ML,2020-08-20 22:03:40
367,Formosa,-26.18,-58.18,55.4,30,20,12.75,AR,2020-08-20 22:00:26
368,Marawi,8.0,124.29,73.0,93,93,5.01,PH,2020-08-20 22:03:41
369,Baryatino,54.31,34.52,51.35,91,86,5.93,RU,2020-08-20 22:03:41
370,Eldorado,-23.79,-54.28,51.39,74,100,9.46,BR,2020-08-20 22:03:41
371,San Francisco,37.77,-122.42,77.0,53,20,26.4,US,2020-08-20 21:59:44
372,Ulagan,50.63,87.96,47.75,66,89,1.1,RU,2020-08-20 22:03:41
373,Cerrito,6.84,-72.69,73.4,100,40,8.05,CO,2020-08-20 22:03:42
374,Nanga Eboko,4.68,12.37,68.77,98,100,3.74,CM,2020-08-20 22:03:42
375,Abulug,18.45,121.45,77.88,85,100,6.2,PH,2020-08-20 22:03:42
376,Cairns,-16.92,145.77,66.2,88,0,3.22,AU,2020-08-20 22:03:10
377,Vernon,50.26,-119.27,81.0,30,20,4.7,CA,2020-08-20 22:00:15
378,Mezen,65.85,44.24,44.19,85,19,1.12,RU,2020-08-20 22:03:43
379,Elko,41.0,-115.5,91.0,5,0,18.01,US,2020-08-20 22:03:43
380,Rabo De Peixe,37.8,-25.58,69.8,94,75,12.75,PT,2020-08-20 22:03:44
381,Boyolangu,-8.12,111.89,70.11,90,16,0.45,ID,2020-08-20 22:03:44
382,Clarence Town,-32.58,151.78,51.01,76,20,26.4,AU,2020-08-20 22:03:44
383,Mehamn,71.04,27.85,44.6,87,4,3.36,NO,2020-08-20 22:03:44
384,Port Hedland,-20.32,118.57,59.0,51,0,8.05,AU,2020-08-20 22:03:45
385,Atar,20.52,-13.05,96.24,32,4,11.34,MR,2020-08-20 22:03:45
386,Kangaatsiaq,68.31,-53.46,49.55,65,4,12.88,GL,2020-08-20 22:03:45
387,Pudozh,61.81,36.53,55.29,87,5,2.91,RU,2020-08-20 22:03:45
388,Katsuura,35.13,140.3,82.0,91,0,3.0,JP,2020-08-20 22:03:45
389,Praia Da Vitoria,38.73,-27.07,69.8,94,90,11.97,PT,2020-08-20 22:03:46
390,Lander,42.83,-108.73,78.8,31,1,3.36,US,2020-08-20 22:03:46
391,Pindwara,24.8,73.07,76.05,92,100,2.35,IN,2020-08-20 22:03:46
392,Nioro,13.35,-15.75,76.71,91,100,9.35,GM,2020-08-20 22:03:46
393,Awash,8.98,40.17,74.79,66,29,5.82,ET,2020-08-20 22:03:47
394,Grindavik,63.84,-22.43,51.8,81,75,11.41,IS,2020-08-20 22:03:47
395,Barcelos,41.54,-8.62,66.2,88,75,4.7,PT,2020-08-20 22:03:47
396,Mahon,39.89,4.27,78.8,83,23,10.29,ES,2020-08-20 22:03:04
397,Milkovo,54.72,158.62,55.35,74,98,7.83,RU,2020-08-20 22:03:48
398,Yerofey Pavlovich,53.97,121.97,52.79,87,76,1.68,RU,2020-08-20 22:03:48
399,Mayya,61.73,130.28,39.2,86,0,6.71,RU,2020-08-20 22:03:48
400,San Policarpo,12.18,125.51,77.79,86,100,5.23,PH,2020-08-20 22:03:48
401,Avera,33.19,-82.53,82.4,100,40,4.32,US,2020-08-20 22:03:48
402,Olinda,-8.01,-34.86,77.0,88,75,13.87,BR,2020-08-20 22:03:49
403,Guane,22.2,-84.09,88.34,60,61,5.66,CU,2020-08-20 22:03:49
404,Akyab,20.15,92.9,79.2,89,100,11.72,MM,2020-08-20 22:03:49
405,Santa Maria,-29.68,-53.81,50.0,39,20,4.7,BR,2020-08-20 22:03:16
406,Oxbow,49.23,-102.17,88.0,47,70,5.01,CA,2020-08-20 22:03:49
407,Hidalgotitlan,17.78,-94.63,87.8,62,75,8.57,MX,2020-08-20 22:03:50
408,Kolpashevo,58.31,82.91,49.28,84,76,10.74,RU,2020-08-20 22:03:50
409,Todos Santos,23.45,-110.22,84.99,71,100,11.99,MX,2020-08-20 22:03:50
410,Huambo,-12.78,15.74,58.55,34,73,4.07,AO,2020-08-20 22:03:50
411,Sydney,-33.87,151.21,55.0,58,0,11.41,AU,2020-08-20 22:01:19
412,Saint-Augustin,51.23,-58.65,61.61,79,82,11.56,CA,2020-08-20 22:02:27
413,Urucara,-2.54,-57.76,89.98,36,14,2.91,BR,2020-08-20 22:03:51
414,Mount Isa,-20.73,139.5,55.4,35,1,4.7,AU,2020-08-20 22:03:51
415,Touros,-5.2,-35.46,77.0,83,16,8.05,BR,2020-08-20 22:03:51
416,Hualmay,-11.1,-77.61,64.11,72,8,11.41,PE,2020-08-20 22:03:52
417,Orhangazi,40.49,29.31,71.6,82,0,2.24,TR,2020-08-20 22:03:52
418,Gympie,-26.19,152.66,55.0,69,93,1.01,AU,2020-08-20 22:03:52
419,Trinidad,-14.83,-64.9,51.8,87,90,17.22,BO,2020-08-20 22:03:52
420,Gheorghe Lazar,44.63,27.45,69.01,88,40,3.36,RO,2020-08-20 22:03:53
421,Port Hardy,50.7,-127.42,64.4,88,90,5.82,CA,2020-08-20 22:03:53
422,Cabo San Lucas,22.89,-109.91,80.01,94,90,11.41,MX,2020-08-20 22:00:00
423,Lerwick,60.15,-1.15,59.0,87,40,11.41,GB,2020-08-20 22:03:53
424,Tucuman,-26.82,-65.22,57.2,24,0,8.05,AR,2020-08-20 21:59:30
425,Kankon,15.02,74.02,78.8,100,90,9.17,IN,2020-08-20 22:03:54
426,Cabatuan,10.88,122.49,75.87,87,97,3.24,PH,2020-08-20 22:03:54
427,Mundo Nuevo,18.7,-95.5,84.34,76,91,10.92,MX,2020-08-20 22:03:55
428,Ponta Delgada,37.73,-25.67,69.8,94,75,12.75,PT,2020-08-20 22:03:28
429,Nizwa,22.93,57.53,95.58,29,38,5.61,OM,2020-08-20 22:03:56
430,Santa Cruz,-17.8,-63.17,46.4,87,90,27.51,BO,2020-08-20 22:03:56
431,Bokoro,12.38,17.06,75.97,73,100,5.59,TD,2020-08-20 22:03:56
432,Oranjemund,-28.55,16.43,55.85,65,0,17.92,NA,2020-08-20 22:03:41
433,Tautira,-17.73,-149.15,80.6,74,75,4.7,PF,2020-08-20 22:02:39
434,Lundazi,-12.29,33.18,64.54,64,44,10.18,ZM,2020-08-20 22:03:57
435,Emerald,-23.53,148.17,57.0,40,0,5.82,AU,2020-08-20 22:03:57
436,Miramar,25.99,-80.23,90.0,74,1,15.79,US,2020-08-20 22:03:35
437,Garmsar,35.22,52.34,83.41,18,0,6.58,IR,2020-08-20 22:03:58
438,Gizo,-8.1,156.84,82.65,74,43,3.27,SB,2020-08-20 22:03:58
439,Pangody,65.85,74.49,57.54,83,100,7.85,RU,2020-08-20 22:03:58
440,Bilibino,68.05,166.44,43.21,87,100,2.55,RU,2020-08-20 22:03:59
441,Praia,14.92,-23.51,78.8,69,20,13.87,CV,2020-08-20 22:03:59
442,Jasper,37.2,-94.35,88.0,33,1,5.82,US,2020-08-20 22:03:59
443,Potam,27.6,-110.38,98.6,30,90,5.82,MX,2020-08-20 22:04:00
444,Kayerkan,69.35,87.76,53.6,66,66,11.18,RU,2020-08-20 22:04:00
445,Qazax,41.09,45.37,72.0,54,0,2.64,AZ,2020-08-20 22:04:01
446,Kondinskoye,59.65,67.41,53.29,95,64,6.44,RU,2020-08-20 22:04:01
447,Lata,40.16,-8.33,66.99,96,100,1.59,PT,2020-08-20 22:04:01
448,Torbay,47.67,-52.73,71.01,64,40,16.11,CA,2020-08-20 22:04:02
449,Jalu,29.03,21.55,82.17,45,0,10.69,LY,2020-08-20 22:04:02
450,Agadir,30.42,-9.6,69.8,77,0,3.36,MA,2020-08-20 22:00:19
451,Mlonggo,-6.53,110.7,74.77,83,1,6.98,ID,2020-08-20 22:04:02
452,Kutum,14.2,24.67,75.0,66,88,4.34,SD,2020-08-20 22:04:03
453,Nitra,48.31,18.08,71.01,87,2,4.7,SK,2020-08-20 22:04:03
454,Panzhihua,26.59,101.71,65.3,80,3,0.83,CN,2020-08-20 22:04:03
455,Brownsville,25.9,-97.5,98.6,41,40,17.22,US,2020-08-20 22:04:03
456,Gewane,10.17,40.65,81.34,59,78,10.47,ET,2020-08-20 22:04:03
457,Acara,-1.96,-48.2,82.76,50,32,3.09,BR,2020-08-20 22:04:04
458,Rocha,-34.48,-54.33,39.04,75,1,7.49,UY,2020-08-20 22:04:04
459,Bogalusa,30.79,-89.85,75.2,78,1,3.36,US,2020-08-20 22:04:04
460,Hokitika,-42.72,170.97,53.6,88,100,19.48,NZ,2020-08-20 22:04:04
461,Krasnaya Poyma,55.0,39.08,49.68,81,0,2.89,RU,2020-08-20 22:04:05
462,Makinsk,52.63,70.42,51.42,88,100,11.83,KZ,2020-08-20 22:04:05
463,Walvis Bay,-22.96,14.51,68.0,9,0,16.11,NA,2020-08-20 22:04:05
464,Biltine,14.53,20.92,80.49,72,48,12.55,TD,2020-08-20 22:04:05
465,Deurne,51.21,4.47,75.99,94,64,3.36,BE,2020-08-20 22:04:06
466,Qui Nhon,13.77,109.23,76.96,81,99,5.1,VN,2020-08-20 22:03:18
467,Ubajara,-3.85,-40.92,73.74,52,55,3.27,BR,2020-08-20 22:04:06
468,Yaan,7.38,8.57,74.14,95,100,2.73,NG,2020-08-20 22:04:06
469,Hede,33.77,120.25,77.76,96,61,5.19,CN,2020-08-20 22:04:07
470,Bam,29.11,58.36,81.93,16,18,5.88,IR,2020-08-20 22:01:49
471,Rondonopolis,-16.47,-54.64,76.73,49,100,18.23,BR,2020-08-20 22:01:22
472,Cape Canaveral,28.41,-80.6,84.2,78,40,8.05,US,2020-08-20 22:04:07
473,College,64.86,-147.8,60.8,77,75,3.02,US,2020-08-20 22:04:07
474,High Rock,26.62,-78.28,87.8,79,75,10.29,BS,2020-08-20 22:04:08
475,Hovd,48.01,91.64,54.88,81,0,0.85,MN,2020-08-20 22:04:08
476,Hamilton,39.18,-84.53,82.99,44,1,4.7,US,2020-08-20 22:01:04
477,Tucurui,-3.77,-49.67,82.2,38,40,1.39,BR,2020-08-20 22:04:08
478,Badiraguato,25.37,-107.52,90.0,67,90,7.72,MX,2020-08-20 22:04:09
479,San Matias,-16.37,-58.4,56.77,72,100,15.01,BO,2020-08-20 22:04:09
480,Lac Du Bonnet,50.25,-96.06,87.01,95,27,1.19,CA,2020-08-20 22:04:09
481,Tessalit,20.2,1.01,95.79,12,3,10.65,ML,2020-08-20 22:04:10
482,Montemorelos,25.2,-99.82,97.56,18,0,6.13,MX,2020-08-20 22:04:10
483,Nata,8.33,-80.52,80.6,88,90,3.36,PA,2020-08-20 22:04:10
484,Mandalgovi,45.76,106.27,59.49,45,100,8.05,MN,2020-08-20 22:04:11
485,Verkh-Usugli,52.7,115.17,53.38,97,58,0.87,RU,2020-08-20 22:04:11
486,Igarka,67.47,86.58,54.25,88,98,6.22,RU,2020-08-20 22:04:11
487,Naples,40.83,14.25,78.01,69,0,2.24,IT,2020-08-20 22:04:11
488,Kongoussi,13.33,-1.53,84.45,59,34,6.31,BF,2020-08-20 22:04:11
489,Alto Parana,-23.13,-52.32,53.6,100,90,8.05,BR,2020-08-20 22:04:12
490,Hambantota,6.12,81.12,78.8,100,99,10.29,LK,2020-08-20 22:04:12
491,Puerto Del Rosario,28.5,-13.86,73.4,83,0,11.41,ES,2020-08-20 22:04:12
492,Novoilinsk,51.68,108.71,54.14,89,87,1.61,RU,2020-08-20 22:04:12
493,Hofn,64.25,-15.21,50.27,63,100,18.32,IS,2020-08-20 22:04:12
494,Boddam,57.47,-1.78,60.01,87,45,5.82,GB,2020-08-20 22:04:13
495,Shahpur,16.7,76.83,72.84,93,100,11.43,IN,2020-08-20 22:04:13
496,Los Algarrobos,8.5,-82.43,80.6,83,75,9.17,PA,2020-08-20 22:04:14
497,Davila,18.47,120.58,80.91,78,92,10.87,PH,2020-08-20 22:04:14
498,Jacareacanga,-6.22,-57.75,89.91,28,5,1.16,BR,2020-08-20 22:04:14
499,Ehingen,48.28,9.73,75.2,60,20,2.24,DE,2020-08-20 22:04:14
500,Eirunepe,-6.66,-69.87,89.11,50,70,1.32,BR,2020-08-20 22:04:14
501,Tomislavgrad,43.72,17.23,75.0,46,0,5.14,BA,2020-08-20 22:04:15
502,Tazovskiy,67.47,78.7,54.73,92,100,7.31,RU,2020-08-20 22:04:15
503,Marathon,44.9,-89.77,82.0,65,1,10.29,US,2020-08-20 22:04:15
504,Beroroha,-21.67,45.17,69.03,62,0,6.15,MG,2020-08-20 22:04:15
505,Chattanooga,35.05,-85.31,82.99,68,98,2.66,US,2020-08-20 21:59:33
506,Slonim,53.09,25.32,61.3,93,86,2.1,BY,2020-08-20 22:04:16
507,Abonnema,4.71,6.79,78.8,83,75,3.36,NG,2020-08-20 22:04:16
508,Oskemen,49.96,82.61,62.6,59,40,8.95,KZ,2020-08-20 22:04:16
509,Soe,-9.86,124.28,60.39,80,1,4.16,ID,2020-08-20 22:04:16
510,Kavieng,-2.57,150.8,83.19,75,17,9.82,PG,2020-08-20 22:03:20
511,Aktash,50.3,87.73,40.05,72,99,2.13,RU,2020-08-20 22:04:17
512,Moree,-29.47,149.85,39.2,86,88,5.82,AU,2020-08-20 22:04:17
513,Mmabatho,-25.85,25.63,46.9,50,0,4.76,ZA,2020-08-20 22:04:17
514,Mattru,7.62,-11.83,72.84,98,100,4.54,SL,2020-08-20 22:04:17
515,Bata,1.86,9.77,75.36,88,100,11.03,GQ,2020-08-20 22:04:18
516,Billings,45.78,-108.5,90.0,27,75,9.17,US,2020-08-20 22:04:18
517,Ojinaga,29.57,-104.42,100.4,15,1,4.7,MX,2020-08-20 22:04:18
518,Kushtagi,15.77,76.2,72.55,88,100,16.04,IN,2020-08-20 22:04:18
519,Penzance,50.12,-5.54,62.6,93,99,29.97,GB,2020-08-20 22:04:19
520,Vredendal,-31.67,18.5,54.27,83,43,4.88,ZA,2020-08-20 22:04:19
521,Pasighat,28.07,95.33,75.09,86,42,1.79,IN,2020-08-20 22:04:19
522,Guanica,17.97,-66.91,87.01,66,6,5.19,PR,2020-08-20 22:04:19
523,Sakakah,29.97,40.21,91.4,14,0,6.93,SA,2020-08-20 22:01:01
524,Roald,62.58,6.13,64.99,93,100,11.41,NO,2020-08-20 22:04:20
525,Purpe,64.48,76.69,55.0,94,100,9.64,RU,2020-08-20 22:04:20
526,Tucuma,-0.18,-50.05,80.42,82,47,9.71,BR,2020-08-20 22:04:20
527,Tamworth,52.63,-1.7,62.01,77,32,9.17,GB,2020-08-20 22:04:20
528,Manjeshwar,12.72,74.89,78.8,94,90,3.0,IN,2020-08-20 22:04:21
529,Ionia,42.99,-85.07,84.2,28,1,10.29,US,2020-08-20 22:04:21
530,Zhigansk,66.77,123.37,40.68,73,62,17.65,RU,2020-08-20 22:03:37
531,Genhe,50.78,121.52,48.51,81,18,2.89,CN,2020-08-20 22:04:21
532,Cukai,4.25,103.42,77.0,100,91,5.7,MY,2020-08-20 22:04:21
533,Bibai,43.32,141.86,64.99,87,75,3.36,JP,2020-08-20 22:04:22
534,Gandhidham,23.08,70.13,82.04,85,100,11.27,IN,2020-08-20 22:04:22
535,Najran,17.49,44.13,84.2,17,16,1.36,SA,2020-08-20 22:04:22
536,Nanortalik,60.14,-45.24,46.81,69,0,2.3,GL,2020-08-20 22:04:23
537,Siloam Springs,36.19,-94.54,84.2,45,75,3.36,US,2020-08-20 22:02:02
538,Mangrol,21.12,70.12,81.1,87,100,11.54,IN,2020-08-20 22:04:23
539,Lufilufi,-13.87,-171.6,84.0,79,0,20.96,WS,2020-08-20 22:04:23
540,Daru,-9.08,143.21,76.68,74,2,8.1,PG,2020-08-20 22:04:23
541,Gasa,31.5,34.47,78.8,69,40,8.05,PS,2020-08-20 22:01:19
542,Victoria Point,-27.58,153.3,55.0,60,91,3.0,AU,2020-08-20 22:04:24
543,Port Hueneme,34.15,-119.2,87.8,57,1,10.29,US,2020-08-20 22:03:55
544,Bayangol,50.7,103.47,53.2,92,100,1.52,RU,2020-08-20 22:04:24
545,Atocha,-20.93,-66.23,46.29,39,3,37.0,BO,2020-08-20 22:04:25
546,Chapais,49.78,-74.85,64.4,63,75,17.22,CA,2020-08-20 22:02:24
547,Bandar-E Lengeh,26.56,54.88,93.2,84,94,6.93,IR,2020-08-20 22:04:25
548,Plettenberg Bay,-34.05,23.37,57.22,81,100,4.27,ZA,2020-08-20 22:04:25
549,Sumbawanga,-7.97,31.62,62.6,63,37,6.49,TZ,2020-08-20 22:04:25
550,Moerai,-22.43,-151.33,70.12,74,80,27.74,PF,2020-08-20 22:04:26
551,Makakilo City,21.35,-158.09,89.6,52,40,16.44,US,2020-08-20 22:04:26
552,Skibbereen,51.55,-9.27,59.0,93,75,24.16,IE,2020-08-20 22:04:26
553,Yabelo,4.88,38.08,61.79,77,57,10.47,ET,2020-08-20 22:04:26
554,North Bend,43.41,-124.22,80.01,69,1,16.11,US,2020-08-20 22:04:27
555,Wanganui,-39.93,175.05,57.0,64,64,14.0,NZ,2020-08-20 22:04:27
556,Rio Grande,-32.03,-52.1,45.0,65,54,3.0,BR,2020-08-20 22:03:49
557,Kvarkeno,52.08,59.73,51.94,83,41,11.16,RU,2020-08-20 22:04:27
558,Caconda,-13.73,15.07,54.16,38,0,1.25,AO,2020-08-20 22:04:27
559,Manzhouli,49.6,117.43,52.72,61,3,6.42,CN,2020-08-20 22:04:28
560,Peleduy,59.63,112.74,58.87,90,97,7.76,RU,2020-08-20 22:04:28
561,Panguna,-6.32,155.48,75.88,80,13,0.89,PG,2020-08-20 22:04:28
562,Tilichiki,60.47,166.1,47.98,99,100,7.14,RU,2020-08-20 22:04:28
563,Palu,-0.89,119.87,74.91,79,80,3.4,ID,2020-08-20 22:04:29
564,San Carlos De Bariloche,-41.15,-71.31,55.4,73,1,3.36,AR,2020-08-20 22:03:24
565,Angoche,-16.23,39.91,71.64,85,1,6.17,MZ,2020-08-20 22:04:29
566,Yumen,40.28,97.2,67.44,50,99,10.71,CN,2020-08-20 22:04:30
567,Nantucket,41.28,-70.1,69.8,73,1,9.17,US,2020-08-20 22:04:30
568,Lalmohan,22.34,90.74,82.09,84,100,17.29,BD,2020-08-20 22:04:30
569,Providencia,28.72,-111.58,96.01,57,51,15.01,MX,2020-08-20 22:04:30
570,Kargil,34.57,76.1,54.46,57,41,6.31,IN,2020-08-20 22:04:31
